Product URL,Product Name,Product Price,Rating,Number of Reviews
/b/ref=sxts_spks_0_0_5b47f725-4fa5-48ae-98f9-662935e233b4?node=21102587031&pd_rd_w=VTzQL&content-id=amzn1.sym.5b47f725-4fa5-48ae-98f9-662935e233b4:amzn1.sym.5b47f725-4fa5-48ae-98f9-662935e233b4&pf_rd_p=5b47f725-4fa5-48ae-98f9-662935e233b4&pf_rd_r=87HAK2PME4K7KP9Q05SS&pd_rd_wg=B8qJZ&pd_rd_r=dc2fc36c-2f06-4832-ac70-0e8b4eff2609&qid=1697641411,N/A,N/A,N/A,N/A
N/A,Price and other details may vary based on product size and colour.,N/A,N/A,Price and other details may vary based on product size and colour.
/Wesley-Milestone-Waterproof-Backpack-Business/dp/B084JGJ8PF/ref=ice_ac_b_dpb,Wesley Milestone 2.0 Casual Waterproof Laptop Backpack/Office Bag/School Bag/College Bag/Business Bag/Travel Backpack (Dimensions:13x18 inches) (Compatible with 15.6 inch laptop) 30 L (Blue & black),₹499₹499,4.3 out of 5 stars,"13,238"
/American-Tourister-AMT-SCH-02/dp/B07CJCGM1M,American Tourister Fizz Large Size 32 Ltrs Casual Backpack (BLACK),"₹1,049₹1,049",4.0 out of 5 stars,"56,357"
/FUR-JADEN-Leatherette-Polypropylene-DUFF05/dp/B07M9BRCQ5,Fur Jaden Brown Textured Leatherette Stylish & Spacious Weekender Duffle Bag for Travel,₹799₹799,4.3 out of 5 stars,"6,886"
/s/ref=sxin_15_trfobq2av2?rh=n%3A14737350031&k=bags&i=specialty-aps&srs=14737350031&pd_rd_w=5hGTF&content-id=amzn1.sym.7abeb195-8e0b-4e74-aede-b7cb234213a5:amzn1.sym.7abeb195-8e0b-4e74-aede-b7cb234213a5&pf_rd_p=7abeb195-8e0b-4e74-aede-b7cb234213a5&pf_rd_r=87HAK2PME4K7KP9Q05SS&pd_rd_wg=IYbNT&pd_rd_r=5c439e2c-0620-4894-917a-b504fa32b481&qid=1697641411,"Amazon Basics Opel Laptop Bag/Office/College Backpack for 15.6 inch laptop(20 L, Grey)",₹499₹499,4.0 out of 5 stars,Amazon’s private and select curated brands
/Amazon-Basics-Laptop-College-Backpack/dp/B0C8NSJ4RD?sbo=RZvfv%2F%2FHxDF%2BO5021pAnSA%3D%3D,"Amazon Basics Opel Laptop Bag/Office/College Backpack for 15.6 inch laptop(20 L, Grey)",₹499₹499,4.0 out of 5 stars,8
/Amazon-Basics-Laptop-Backpack-Repellent/dp/B09W3XLDM2?sbo=RZvfv%2F%2FHxDF%2BO5021pAnSA%3D%3D,Amazon Basics Laptop Backpack,₹599₹599,4.2 out of 5 stars,639
/Amazon-Basics-Casual-Backpack-15-6-inch/dp/B09W4WJ1CB?sbo=RZvfv%2F%2FHxDF%2BO5021pAnSA%3D%3D,Amazon Basics 20 ltrs Casual/Travel/College Backpack for 15.6-inch Laptop | Water Resistant Fabric,₹359₹359,4.0 out of 5 stars,420
/MosQuick%C2%AE-Drawstring-Organizing-Stationery-multipurpose/dp/B09SB5DP5Y?sbo=EO%2BcdOgoisx3waG5xqcZQA%3D%3D,"MosQuick® Clear large Drawstring Bags Clear Plastic Travel Bags, Travel Garments Organizing Storage Plastic Bags ,Shoe bags , Stationery Bag,multipurpose bag - Translucent",₹289₹289,4.2 out of 5 stars,92
/Amazon-Brand-Presto-Oxo-Biodegradable-Garbage/dp/B08TDCD79P?sbo=RZvfv%2F%2FHxDF%2BO5021pAnSA%3D%3D,"Presto! Oxo-Biodegradable Garbage Bags, Small (17 x 19 inches) - 30 bags/roll (Pack of 3, Black)",₹220₹220,4.2 out of 5 stars,"1,035"
/Amazon-Brand-Presto-Oxo-Biodegradable-Garbage/dp/B08TDH2LCP?sbo=RZvfv%2F%2FHxDF%2BO5021pAnSA%3D%3D,"Presto! Oxo-Biodegradable Garbage Bags (Black, Medium, 19 x 21 inches) - 30 Bags/ Roll - Pack of 3(Plastic)",₹169₹169,4.2 out of 5 stars,"1,087"
/Amazon-Brand-Presto-Oxo-Biodegradable-Garbage/dp/B08TDGVLVM?sbo=RZvfv%2F%2FHxDF%2BO5021pAnSA%3D%3D,"Presto! Oxo-Biodegradable Garbage Bags, Small - 30 bags/roll (Pack of 6, Green, For Wet Waste)",₹299₹299,4.4 out of 5 stars,544
/Amazon-Brand-Presto-Oxo-Biodegradable-Garbage/dp/B0821PKWBW?sbo=Tc8eqSFhUl4VwMzbE4fw%2Fw%3D%3D,"Presto! Oxo-Biodegradable Garbage Bags, Small - 30 bags/roll (Pack of 6, plastic, Black)",₹259₹259,4.3 out of 5 stars,"15,920"
N/A,N/A,N/A,N/A,N/A
/Wesley-Spartan-Hiking-Raincover-Organiser/dp/B098QFF5TJ,Wesley Spartan Unisex Travel Hiking Laptop Bag fits Upto 17.3 inch with Raincover and Internal Organiser Backpack Rucksack College Bag,₹689₹689,4.1 out of 5 stars,"1,956"
/Lenovo-15-6-Inches-Everyday-Backpack/dp/B08R7RPVJF,"Lenovo 15.6"" (39.62cm) Slim Everyday Backpack, Made in India, Compact, Water-resistant, Organized storage:Laptop sleeve,tablet pocket,front workstation,2-side pockets,Padded adjustable shoulder straps",₹449₹449,4.4 out of 5 stars,"5,280"
/Half-Moon-Backpack-Luggage-Compartment/dp/B09VCLZ3K4,Half Moon Large 37L Laptop Bag Backpack for menं Women Boys and Girls Luggage Travel Bags with 17.3 inches Laptop Compartment & Rain Cover,₹689₹689,3.9 out of 5 stars,"3,853"
/Half-Moon-Resistant-Backpack-Compartment/dp/B0BJ32LQ6X,Half Moon Large 37L Laptop Bag Backpack for menं Women Boys and Girls Luggage Travel Bags with 17.3 inches Laptop Compartment & Rain Cover,₹689₹689,3.9 out of 5 stars,"3,853"
/Safari-Laptop-Backpack-Raincover-college/dp/B097JH4V5G,"Safari Omega 30L Laptop Backpack with Raincover, school bag for boys and girls, college bag, office bag, travel bag for men and women, Teal",₹699₹699,3.9 out of 5 stars,155
/ADISA-BP010-Weight-Casual-Backpack/dp/B07MXL986B,ADISA 32 Ltrs Water Resistant Casual Travel Bagpack/College Backpack/School Office Bag for Men and Women,₹374₹374,3.9 out of 5 stars,"4,292"
N/A,N/A,N/A,N/A,N/A
/ADISA-BP004-Weight-Casual-Backpack/dp/B07G3CG9FC,ADISA Laptop Backpack 31 Ltrs,₹349₹349,4.0 out of 5 stars,"9,235"
/Safari-45L-21-OB-BLK/dp/B07BZ5VC4H,Safari Seek 45 Ltrs Overnighter Expandable Travel Laptop Backpack,"₹2,299₹2,299",4.5 out of 5 stars,"7,737"
/Number-Backpack-Compartment-Charging-Organizer/dp/B09VTDMRY7,"FUR JADEN Anti Theft Number Lock Backpack Bag with 15.6 Inch Laptop Compartment, USB Charging Port & Organizer Pocket for Men Women Boys Girls",₹749₹749,4.1 out of 5 stars,"6,672"
/gp/bestsellers/computers/1375464031/ref=sr_bs_12_1375464031_1,TRUE HUMAN EMPEROR® Anti-Theft backpack With USB charging Port Laptop bag/Office bag/college bag/travel bag with anti -theft back pocket (LEGEND),₹529₹529,3.7 out of 5 stars,"2,773"
/Police-Polyester-laptop-casual-backpack/dp/B09CQ5T3LN,POLICE Backpack for Men Casual Laptop Bag Office/Travel/College 30 LTR Hedge Polyester - Black- Medium,"₹1,329₹1,329",3.8 out of 5 stars,"1,337"
/Gear-Classic-Leather-Backpack-LBPCLSLTH0201/dp/B07G4F6XFH,Gear Classic 20L Small Faux Leather Water Resistant Anti Theft Laptop Bag/Office Backpack for Men/Women - Brown,₹798₹798,4.4 out of 5 stars,"6,241"
/Wesley-Milestone-Waterproof-Backpack-Business/dp/B085S444JV,"Wesley Milestone 2.0 Casual Waterproof Laptop Backpack/Office Bag/School Bag/College Bag/Business Bag/Travel Backpack (Dimensions:13x18 inches) (Compatible with 15.6"" laptop) 30 L, Charcoal black",₹499₹499,4.3 out of 5 stars,"13,238"
/s/?k=bags+for+girls&ref=sugsr_0&pd_rd_w=kzEMI&content-id=amzn1.sym.1c7db1d2-1fe9-496b-8f07-8ed64c022066:amzn1.sym.1c7db1d2-1fe9-496b-8f07-8ed64c022066&pf_rd_p=1c7db1d2-1fe9-496b-8f07-8ed64c022066&pf_rd_r=87HAK2PME4K7KP9Q05SS&pd_rd_wg=Chu5z&pd_rd_r=2be2aa3f-b6c5-4486-9eba-746770fb5c8c&qid=1697641411,N/A,N/A,N/A,"
                                                    bags for girls
                                                "
N/A,N/A,N/A,N/A,N/A
/gp/help/customer/display.html?nodeId=201889520,N/A,N/A,N/A, or 
N/A,Price and other details may vary based on product size and colour.,N/A,N/A,Price and other details may vary based on product size and colour.
/American-Tourister-BACKPACK-COMPARTMENT-ORGANIZER/dp/B0BTD4S4XF,American Tourister Valex 28 Ltrs Large Laptop Backpack with Bottle Pocket and Front Organizer- Black,"₹1,399₹1,399",4.3 out of 5 stars,"1,345"
/ADISA-Casual-Backpack-College-BP046-NAV_Navy/dp/B0BX3QFVSM,ADISA 31 Ltrs Casual Backpack School College Bag Pack,₹349₹349,3.9 out of 5 stars,353
/Number-Backpack-Compartment-Charging-Organizer/dp/B09VTC876Z,"FUR JADEN Anti Theft Number Lock Backpack Bag with 15.6 Inch Laptop Compartment, USB Charging Port & Organizer Pocket for Men Women Boys Girls",₹799₹799,4.1 out of 5 stars,"6,672"
N/A,N/A,N/A,N/A,N/A
/gp/bestsellers/hpc/11364893031/ref=sr_bs_3_11364893031_1,ANTIL'S® Hot Water Rubber Bottle bag for Pain Relief Therapy (Pack of 1) Multicolor,₹198₹198,4.0 out of 5 stars,"4,524"
/American-Tourister-BACKPACK-COMPARTMENT-ORGANIZER/dp/B0BTD4FK9G,American Tourister Valex 28 Ltrs Large Laptop Backpack with Bottle Pocket and Front Organizer- Blue,"₹1,299₹1,299",4.2 out of 5 stars,926
/Zipline-Nexa-Resistant-Bagpack-Backpack/dp/B08WQ668WJ,Zipline Unisex Casual Polyester 36 L Backpack School Bag Women Men Boys Girls Children Daypack College Bag Book School Sports Bag,₹843₹843,3.6 out of 5 stars,"1,045"
/Puma-Ltrs-Cms-Backpack-7837402_Grey/dp/B089T98TKG,Puma Unisex Gym Bag IND,₹619₹619,4.0 out of 5 stars,500
/ROZEN-partition-Collage-Backpack-SKYBLUE/dp/B0BRTFGG22,"ROZEN 47 Ltrs, 46 cms School Bag Class 5-12 Large 5 partition Laptop Collage Office Travel Backpack Unisex",₹697₹697,4.1 out of 5 stars,344
/GOCART-LOGO-Backpack-Briefcase-Convertible/dp/B0822H451W,GOCART WITH G LOGO Laptop Backpack Casual Daypacks Briefcase Convertible Business Travel Rucksack with USB Charging Port Large College School Bookbag Computer Laptop Bag,"₹1,499₹1,499",3.8 out of 5 stars,"1,505"
N/A,N/A,N/A,N/A,N/A
/Shalimar-Premium-Garbage-Medium-Rolls/dp/B07KT9Q54M,Shalimar Premium OXO - Biodegradable Garbage Bags (Medium) Size 19 x 21 Inches 4 Rolls 120 Bags Dustbin Bag/Trash Bag - Black Color,₹269₹269,4.5 out of 5 stars,"18,730"
/Half-Moon-Backpack-Spacious-Multiple/dp/B0C6N3MYL2,Half Moon Aztec 37L School Bag Class 5-12 | College Bagpack for Men/College Back pack for Women | 15.6 inch Laptop Bag for Men/Backpack for Men | Spacious & Multiple Pockets,₹529₹529,3.5 out of 5 stars,356
/ADISA-Laptop-Backpack-Office-College/dp/B0BPVCBFM7,ADISA 32L large laptop backpack office bag college travel back pack with rain cover,₹449₹449,3.8 out of 5 stars,436
/Shalimar-Premium-Garbage-Medium-Black/dp/B016DCB9OO,Shalimar Premium OXO - Biodegradable Garbage Bags Size 19 X 21 Inches (Medium) 180 Bags (6 Rolls) Dustbin Bag/Trash Bag - Black Color,₹406₹406,4.5 out of 5 stars,"9,742"
/Lunars-Comet-Resistant-Casual-Backpack/dp/B07WN833M7,Lunar's Comet 35L Water Resistant Travel Bagpack/College Backpack/School Bag/Office Bag/Business Backpack/Daypack for Men and Women with 1 Year Warranty,₹849₹849,4.0 out of 5 stars,"13,852"
/Urban-Tribe-Laptop-Backpack-Havana/dp/B01LXNNFDF,"URBAN TRIBE Havana Laptop Backpack for Men & Women | Laptop Bag 15.6 inch | Office Work/Casual/College Bag | Black, 27L",₹918₹918,3.9 out of 5 stars,821
/NORTH-ZONE-Lightweight-Backpacks-Stylish/dp/B0BL3SPN16,NORTH ZONE Lightweight school bags Backpacks for Boys Girls Stylish men and women Casual Travel Laptop Bag College office,₹496₹496,4.0 out of 5 stars,"1,117"
/s/?k=bags+for+girls&ref=sugsr_0&pd_rd_w=OlcaT&content-id=amzn1.sym.1c7db1d2-1fe9-496b-8f07-8ed64c022066:amzn1.sym.1c7db1d2-1fe9-496b-8f07-8ed64c022066&pf_rd_p=1c7db1d2-1fe9-496b-8f07-8ed64c022066&pf_rd_r=C4KTVH2NVQATJP02PRX3&pd_rd_wg=cPxN6&pd_rd_r=26232151-0b16-45d7-a2e2-c0916d41660b&qid=1697641413,N/A,N/A,N/A,"
                                                    bags for girls
                                                "
N/A,N/A,N/A,N/A,N/A
/gp/help/customer/display.html?nodeId=201889520,N/A,N/A,N/A, or 
N/A,Price and other details may vary based on product size and colour.,N/A,N/A,Price and other details may vary based on product size and colour.
/Lavie-Odiase-Womens-Satchel-Handbag/dp/B08SW9RJ75,Lavie Women's Odiase Medium Satchel Bag | Ladies Purse Handbag,"₹1,249₹1,249",4.1 out of 5 stars,"2,402"
/Handcuffs-Multifunctional-Maternity-Backpack-Nursing/dp/B09413KB4K,Handcuffs Baby Diaper Bag Multifunctional Maternity Bags New Mom Dad Travel Backpack For Baby Care Nursing (Black),"₹1,186₹1,186",4.2 out of 5 stars,555
/Frantic-Velvet-School-Nursery-Travelling/dp/B09176PYDR,Frantic Velvet Kids School/Nursery/Picnic/Carry/Travelling Bag - 2 to 5 Year Age,₹259₹259,3.8 out of 5 stars,"3,436"
N/A,N/A,N/A,N/A,N/A
/ADISA-BP005-Weight-Casual-Backpack/dp/B07F3X45WZ,ADISA Light Weight Laptop Backpack 32 Ltrs,₹449₹449,4.0 out of 5 stars,"6,219"
/Killer-Backpack-Compartments-Polyester-Waterproof/dp/B07C9XHZT1,KILLER Louis 38L Large Laptop Backpack With 3 Compartments Polyester Trendy Waterproof Travel Backpack,"₹1,749₹1,749",4.4 out of 5 stars,"9,470"
/Half-Moon-College-Spacious-Multiple/dp/B0C23Z9W18,Half Moon Aztec 37L School Bag Class 5-12 | College Bagpack for Men/College Back pack for Women | 15.6 inch Laptop Bag for Men/Backpack for Men | Spacious & Multiple Pockets,₹529₹529,3.5 out of 5 stars,356
/Skybags-Cardiff-Polyester-Travel-DFCAR55BLU/dp/B073JYDK7P,Skybags Cardiff Polyester 55 Cms Travel Duffle Bag (Blue),"₹1,099₹1,099",4.2 out of 5 stars,"9,963"
/Arctic-Fox-Anti-Theft-Backpack-Charging/dp/B089QCNBWH,Arctic Fox Alarm Zipper System | Anti-Theft Backpack with USB Charging Port | 15.5 Inch Laptop Bag (Glitch Black),"₹1,899₹1,899",4.3 out of 5 stars,398
/Ezee-Garbage-Bag-inches-Pieces/dp/B06VX8YR6Q,Ezee Black Medium Garbage Bags 90 Pcs | 19 X 21 Inch | 30 Pcs x Pack of 3 | Dustbin Trash Bag,₹155₹155,4.2 out of 5 stars,"28,702"
N/A,N/A,N/A,N/A,N/A
/gp/bestsellers/kitchen/1380564031/ref=sr_bs_9_1380564031_1,"Storite 2 Pack Moisture Proof Nylon Large Size Underbed Storage Bag For Clothes (54 x 46 x 28 cm) - Black, Rectangular",₹699₹699,4.4 out of 5 stars,"18,123"
/Lenovo-Comfortable-Dedicated-Compartment-4X41C94115/dp/B09QCYXZ1H,"Lenovo 16-inch Value Lite Backpack, Comfortable, Padded Back Panel, Slim and Sleek, Dedicated Laptop Compartment, Padded Shoulder Straps for Optimal Comfort and Ergonomic Support (4X41C94115)",₹649₹649,4.6 out of 5 stars,24
/Safari-Laptop-Backpack-Compartments-Resistant/dp/B09B27CYC4,"Safari Snap 35 Ltrs Large Laptop Backpack With 3 Compartments, Water Resistant Fabric - Black (SNAP19CBBLK)",₹999₹999,3.8 out of 5 stars,355
/TRAWOC-Backpack-Trekking-Rucksack-Warranty/dp/B0847PGZZM,TRAWOC 80L Travel Backpack for Outdoor Sport Camp Hiking Trekking Bag Camping Rucksack HK007 (PARENT) 1 Year Warranty,"₹2,246₹2,246",4.4 out of 5 stars,"7,711"
/gp/bestsellers/kitchen/8464314031/ref=sr_bs_13_8464314031_1,"amazon basics Vacuum Compression Storage Bags with Hand Pump - Large, 5-Pack",₹599₹599,4.4 out of 5 stars,"11,753"
/Nivia-6853BKGR-Polyester-Black-Grey/dp/B07NLB6FRS,NIVIA Basic Duffle Polyester Bag/Gym Bags/Adjustable Shoulder Bag for Men/Duffle Gym Bags for Men/Fitness Bag/Carry Bags/Sports & Travel Bag/Sports Kit/Duffle Bags Travel,₹269₹269,4.0 out of 5 stars,"4,177"
/AUXTER-BLACKY-Duffel-Emboss-Black/dp/B07F2H25NP,AUXTER Faux Leather 23 Cms Duffle Bag(AUX_GB_LE_Black -SE__0521_Black),₹429₹429,4.3 out of 5 stars,"9,383"
/s/?k=bags+for+girls&ref=sugsr_0&pd_rd_w=mofq0&content-id=amzn1.sym.1c7db1d2-1fe9-496b-8f07-8ed64c022066:amzn1.sym.1c7db1d2-1fe9-496b-8f07-8ed64c022066&pf_rd_p=1c7db1d2-1fe9-496b-8f07-8ed64c022066&pf_rd_r=13FC0NA3CGHF5XDMZ2P0&pd_rd_wg=8xGMB&pd_rd_r=46299b45-7c0e-4b87-b6e0-e13d4f3b53de&qid=1697641414,N/A,N/A,N/A,"
                                                    bags for girls
                                                "
N/A,N/A,N/A,N/A,N/A
/gp/help/customer/display.html?nodeId=201889520,N/A,N/A,N/A, or 
N/A,Price and other details may vary based on product size and colour.,N/A,N/A,Price and other details may vary based on product size and colour.
/Skybags-CAMPUS-COLLEGE-LAPTOP-BACKPACK/dp/B084258ZD8,Skybags CAMPUS GREY LOGO PRINT COLLEGE LAPTOP BACKPACK 30L,"₹1,363₹1,363",4.0 out of 5 stars,317
/Genie-compartments-Resistant-Lightweight-Travelling/dp/B0C85YCDR7,"Genie Swirl Laptop Backpack for Women, 3 compartments, Water Resistant and Lightweight Bags for Office and Travelling Purpose. 36 litres. (19 inch). Tie-dye print",₹899₹899,3.9 out of 5 stars,16
/FLYNGO-Insulated-School-Tiffine-Storage/dp/B0CJR5Z3ZB,"FLYNGO Insulated Lunch Bag for Kids School, Men, Women Office, Travel Tiffine Pouch for Lunch Box, Heat&Cold Insulated Storage Bag (Blue Leaf)",₹245₹245,4.9 out of 5 stars,23
N/A,N/A,N/A,N/A,N/A
/Shalimar-Premium-Garbage-Large-Rolls/dp/B07KT98RKS,Shalimar Premium OXO - Biodegradable Garbage Bags Size 24 X 32 Inches (Large) 60 Bags (4 rolls) Dustbin Bag/Trash Bag - Black Color,₹299₹299,4.5 out of 5 stars,"4,616"
/Amazon-Brand-Presto-Oxo-Biodegradable-Garbage/dp/B08TDCGCPK,"Amazon Brand - Presto! Oxo-Biodegradable Garbage Bags, Small - 30 bags/roll (Pack of 3, Green, For Wet Waste)",₹189₹189,4.3 out of 5 stars,636
/Gear-DOUBLE-Resistant-Backpack-Navy-Tan/dp/B0BTJ2T26W,Gear Double Decker 31L Large Water Resistant Faux Leather Anti-Theft Laptop Bag/Backpack/Office Bag for Men/Women (Navy-Tan),₹985₹985,3.6 out of 5 stars,47
/Corduroy-Reusable-Shopping-Washable-Shoulder/dp/B0BNX437F8,PALAY® Tote Bags For Women Bag Corduroy Large Capacity Reusable Shopping Bag Washable Shoulder Bags HandBags for School Work Shopping Travel Daily Use Grocery,₹488₹488,4.3 out of 5 stars,101
/Tabelito%C2%AE-Basic-Laptop-Sleeve-Surfacepro/dp/B09NDTW8SP,Tabelito® Basic Laptop Bag Laptop Cover Laptop Bags Laptop Sleeve Office Bag Laptop Bag 15.6 inch(39.6cm) Laptop Apple/Lenovo/Asus/Hp/MacBook/Thinkpad/Ideapad (Grey),₹257₹257,4.1 out of 5 stars,"2,558"
/Stylbase-Trends-Polyester-Character-Embossed/dp/B0BNL2PBPH,"Stylbase 15 inches Kids 3D Cartoon Backpack - Lightweight, Waterproof, Adjustable Shoulder Straps, 3 Compartments, Bottle Holder - Perfect for School and Outdoor Adventures",₹551₹551,4.0 out of 5 stars,213
N/A,N/A,N/A,N/A,N/A
/Kuber-Industries-Polyester-Embroidered-CTKTC04387/dp/B07NJ8J98M,"Kuber Industries Women's Polyester Embroidered Potli Bag, Maroon (CTKTC04387)",₹533₹533,3.6 out of 5 stars,43
/AmazonBasics-Vacuum-Compression-Storage-Bags/dp/B07RP7WHHY,"amazon basics PlasticVacuum Compression Storage Bags With Hand Pump - 6-Pack (2 Jumbo, 2 Large, 2 Medium)",₹749₹749,4.4 out of 5 stars,"9,278"
/DZert-Polyester-Black-White-Backpack/dp/B07GXX2BP3,DZert Clasy Laptop Bag College Bag for Boys Girls 21 L Red Black,₹339₹339,3.8 out of 5 stars,"2,612"
/Kleeno-Cello-Clean-Garbage-Medium/dp/B09C284CTH,Kleeno by cello OXO - Biodegradable Garbage Bags Medium Size 48 cm x 53 cm 2 Pouch 30 Bags Dustbin Bag/Trash Bag,₹84₹84,4.0 out of 5 stars,2
/DaisyStar-Fashion-Handbags-Shoulder-Beaver_Handbag_37/dp/B0C8BGFJQZ,DaisyStar Women Fashion Handbags Tote Purses Stylish Ladies Women and Girls Handbag for Office Bag Ladies Travel Shoulder Bag Tote for College Girls Handbag_Variation_10,₹379₹379,4.3 out of 5 stars,20
/SPENZ-BAGS-Backpack-Raincover-Mahogany-Brown/dp/B0C3RN6QSC,"SPENZ BAGS Travel Laptop Backpack for Women & Men|Carry On Bag, College & School Students Bookbag With Raincover",₹829₹829,3.9 out of 5 stars,245
/Cockatoo-OXO-Biodegradable-Companion-Campaigning-Adventures/dp/B0CF9Q8HPN,"Cockatoo CMP01 OXO-Biodegradable Garbage Bags Medium|Your Ultimate Companion for Campaigning and Traveling|for Keeping Your Adventures Clean and Green,30 Bags/Rollx3,(18.5 X 20.5 Inch)",₹99₹99,4.8 out of 5 stars,141
/s/?k=bags+for+girls&ref=sugsr_0&pd_rd_w=aw02g&content-id=amzn1.sym.1c7db1d2-1fe9-496b-8f07-8ed64c022066:amzn1.sym.1c7db1d2-1fe9-496b-8f07-8ed64c022066&pf_rd_p=1c7db1d2-1fe9-496b-8f07-8ed64c022066&pf_rd_r=AWWFNWVJEYYRDXP5BBG5&pd_rd_wg=0DBuU&pd_rd_r=a72f13e6-ccd5-4aab-8a74-8c0da42061b4&qid=1697641416,N/A,N/A,N/A,"
                                                    bags for girls
                                                "
N/A,N/A,N/A,N/A,N/A
/gp/help/customer/display.html?nodeId=201889520,N/A,N/A,N/A, or 
N/A,Price and other details may vary based on product size and colour.,N/A,N/A,Price and other details may vary based on product size and colour.
/Wildcraft-Music-Backpack-Green-11954/dp/B07N2SBX54,Wildcraft Unisex Zip Closure Backpack (Green_Free Size),"₹1,019₹1,019",4.4 out of 5 stars,384
/Travalate-Waterproof-Polyester-Duffle-Travel/dp/B07S3FW7Z5,"Travalate Polyester 45 L Multi Pocket Ultra Light Travel Duffle Bag Organizer for Men and Women (Green, 20 X 18 X 11 Inch)",₹878₹878,3.9 out of 5 stars,"1,323"
/Amazon-Basics-Messenger-Shoulder-MacBook/dp/B00DUGZFWY,"Amazon Basics Messenger Laptop Bag with Handle & Shoulder Strap fits upto 15.6"" Laptop / MacBook for Men & Women (Black)",₹729₹729,4.2 out of 5 stars,"50,142"
N/A,N/A,N/A,N/A,N/A
/American-Tourister-Backpack-Organizer-Compatible/dp/B0C8649NY8,American Tourister Shaw Large Size Unisex Laptop Backpack with Organizer Pockets| Compatible with 17 inch Laptop - Teal,"₹1,149₹1,149",3.2 out of 5 stars,19
/Lify-Womens-Shoulder-Crossbody-Handbag/dp/B09JWKDG6R,Lify Women's Retro Large Size Canvas Shoulder Bag Hobo Crossbody Handbag Casual Tote - 1 Piece,₹320₹320,3.8 out of 5 stars,"1,859"
/Business-Casual-Compartment-Resistant-Backpack/dp/B08N6HSJJ5,URBAN WOLF 30L Casual Dual Compartment Water Resistant Laptop Backpack Unisex Bags for Office/Travel/Business/College/School (Black),₹749₹749,3.9 out of 5 stars,"1,016"
/Ezee-Garbage-Bag-Pieces-Medium/dp/B06VX7PDXC,Ezee Black Large Garbage Bags 30 Pcs | 24 x 32 Inch | 15 Pcs x Pack of 2 | Dustbin Trash Bag,₹119₹119,4.3 out of 5 stars,"10,344"
/Gear-Classic-Casual-Backpack-BKPCAMPS80304/dp/B019FBEJCO,Gear Campus8 25L Medium Water Resistant School Bag/Casual Backpack/Daypack/College Bag/for Men/Women - Green Grey,₹595₹595,4.1 out of 5 stars,"1,293"
/COSMUS-Polyester-Black-School-Backpack/dp/B078MFYJ3M,COSMUS Heavy Duty School Bag Norwich 33L waterproof Backpacks Bag With laptop compartment,"₹1,196₹1,196",4.2 out of 5 stars,434
N/A,N/A,N/A,N/A,N/A
/WildHorn-Leather-Brown-Laptop-Briefcase/dp/B01HBKKSTO,WildHorn Leather Laptop Messenger Bag for Men,"₹2,349₹2,349",4.1 out of 5 stars,267
/Half-Moon-Messenger-Multi-Pocket-Adjustable/dp/B0C5CFCLLJ,Half Moon Urban Explorer PU Leather Stylish Side Sling Cross Body Travel Office Business Messenger Bag with Multi-Pocket Zip Closure and Adjustable Straps For Men Women,₹269₹269,3.3 out of 5 stars,38
/Zebronics-Compartment-Backpacks-15-6-inch-Black/dp/B0C6KZS555,"Zebronics Camp1, 14 Liters, 1 Compartment Laptop Backpacks Fit Up to 15.6-inch Laptop, Polyester Fabric, Office Use and Mini Business Travel Bags (Black)",₹398₹398,3.5 out of 5 stars,30
/Safari-Laptop-Backpack-Compartments-Resistant/dp/B09B27CYC4,"Safari Snap 35 Ltrs Large Laptop Backpack With 3 Compartments, Water Resistant Fabric - Black (SNAP19CBBLK)",₹999₹999,3.8 out of 5 stars,355
/DARK-HORSE-Briefcase-Messenger-Compartment/dp/B0BJZF92F6,"DARK HORSE Laptop Bag Leather Briefcase 15.6 Inch Messenger Bag Satchel for Men, Padded Laptop Compartment 12 Liters , Water Resistant Shoulder Bag with Strap, Durable Office Bag, for Laptop",₹799₹799,4.0 out of 5 stars,153
/POLESTAR-Backpack-Compartment-Polyester-Warranty/dp/B0BMQ2HXYP,"POLESTAR Bold 42 L Bag for College, School, Office, Casual Multipurpose Backpack with 15.6"" Laptop Compartment, Water Resistant, Unisex Design, Stylish & Durable, 1 Year Warranty",₹729₹729,3.8 out of 5 stars,"2,000"
/Casual-Backpack-Charging-Laptop-Compartment/dp/B07J46KLFP,"FUR JADEN 15.6 Inch Laptop Backpack 25 LTR Bag for School, College and Office with USB Charging Port",₹429₹429,3.9 out of 5 stars,"10,504"
/s/?k=bags+for+girls&ref=sugsr_0&pd_rd_w=wbyZP&content-id=amzn1.sym.1c7db1d2-1fe9-496b-8f07-8ed64c022066:amzn1.sym.1c7db1d2-1fe9-496b-8f07-8ed64c022066&pf_rd_p=1c7db1d2-1fe9-496b-8f07-8ed64c022066&pf_rd_r=34YNDZMPG8JF0DYWB5V1&pd_rd_wg=WFhHd&pd_rd_r=5227bf7c-49cf-49e3-a090-657f0fa7e5fd&qid=1697641418,N/A,N/A,N/A,"
                                                    bags for girls
                                                "
N/A,N/A,N/A,N/A,N/A
/gp/help/customer/display.html?nodeId=201889520,N/A,N/A,N/A, or 
N/A,Price and other details may vary based on product size and colour.,N/A,N/A,Price and other details may vary based on product size and colour.
/HOEXL-Expandable-Premium-Backpack-College-Tech/dp/B0C3J2RLHP,"HOEXL 42L Expandable Premium Laptop Backpack for Men/Women for Travel, School, College-Tech Bag with USB - Bagpacker Bag, 17 inch Laptop Bag with Water-resistant, Smart Bag with Multiple Compartments","₹2,899₹2,899",4.8 out of 5 stars,81
/DZert-Polyester-Pink-School-Backpack/dp/B077VFZHLL,DZert School Bag Backpack 30 Liters for Boys/Girls Polyester Lightweight Bag (Pink),₹319₹319,3.6 out of 5 stars,"1,972"
/Mokobara-Briefcase-Resistant-Compartment-Messenger/dp/B0B6CTQDR8,"MOKOBARA The Briefcase - 15.6"" Blue Laptop Messenger Bag for Men & Women","₹5,199₹5,199",4.4 out of 5 stars,346
N/A,N/A,N/A,N/A,N/A
/Mammon-Womens-Handbag-plain-tan-35x35/dp/B07LBC7Z59,Mammon Women's Tote Bag,₹209₹209,3.6 out of 5 stars,"2,790"
/POLESTAR-backpack-Backpack-College-Students/dp/B08X2KR6T9,"POLESTAR Enzo 15.6 inch 35 LTR Casual Laptop Backpack/Office Bag/School Bag/College Bag/Business Bag/Unisex Backpack, Water Resistant and Light Weight, 1 year Warranty",₹619₹619,4.1 out of 5 stars,"3,995"
/Gear-Classic-Leather-Backpack-LBPCLSLTH0101/dp/B07G4D13LB,Gear Classic 20L Small Faux Leather Water Resistant Anti Theft Laptop Bag/Office Backpack for Men/Women-Black,₹799₹799,4.4 out of 5 stars,"2,791"
/JD-Expandable-Waterproof-Sakura-Pink/dp/B0BRNP6M1D,"JD Fresh Nylon 41 Liter Expandable Travel Bags for Women, Duffle Bags for Women Luggage, Foldable Vanity Traveling Bag, Waterproof Hand Bag for Ladies Personal Items (Sakura Pink,41 x 22 x 26 CM cm)",₹731₹731,3.9 out of 5 stars,428
/Lunars-Router-Resistant-Raincover-Organiser/dp/B08YR63B9M,"Lunar's 35 L Laptop Office/School/Travel/Business Backpack Water Proof - Fits Up to 15.6 Inch Laptop Notebook, With Raincover, Inside Organiser and 1 Year Warranty (All)",₹849₹849,3.8 out of 5 stars,"1,162"
/Martucci-Waterproof-Backpack-College-Business/dp/B0BRJRVH6D,Martucci Jersey 45L Casual Waterproof Laptop Backpack/Office Bag/School Bag/College Bag/Business Bag/Unisex Travel Backpack,₹765₹765,3.8 out of 5 stars,273
N/A,N/A,N/A,N/A,N/A
/Lifelong-LLGB02-Adjustable-Shoulder-Accessories/dp/B0BW3QZBQH,"Lifelong LLGB02 Gym Bag|Unisex Gym Bags|Adjustable Shoulder Bag for Men|Duffle Gym Bags for Men|Carry Gym Accessories|Fitness Bag|Sports &Travel Bag|Gym kit Bag (Black, 6 Months Warranty)",₹379₹379,3.4 out of 5 stars,73
/FATMUG-Foldable-Luggage-Packing-Storage/dp/B07YFPF4QT,"FATMUG Foldable Duffel Luggage Bag for Travel, Packing and Storage - Men and Women - 45 L, Black",₹999₹999,4.3 out of 5 stars,"1,782"
/F-Gear-Milestone-Casual-Laptop-Backpack/dp/B08FX1R6WY,F Gear Milestone Olive Casual 20 Ltrs Laptop Backpack (3376),"₹1,155₹1,155",4.0 out of 5 stars,855
/Kuber-Industries-Embroidered-Women-CTKTC8803/dp/B07SWD51BV,Kuber Industries Silk Embroidered Women Potli Bag (Cream) -CTKTC8803,₹265₹265,3.8 out of 5 stars,108
/Lunars-Travel-Laptop-Bag-compartments/dp/B08NHKF2G7,"Lunar's Unisex 50L Water Resistant Office/Travel/Business Laptop Backpack, Bag for up to 17.3 inch Laptop/MacBook with rain Cover and 2 Large compartments","₹1,199₹1,199",4.0 out of 5 stars,"2,755"
/HP-15-6-inch-Backpack-Pass-Through-793A7AA/dp/B0BYDWD4VL,HP 330 15.6-inch Laptop Backpack/Trolley Pass-Through; Padded Back Panel; Padded air mesh Panel/Hand wash and air Dry/1 Year Limited Warranty (793A7AA),₹799₹799,4.3 out of 5 stars,8
/Zureni-OXO-Biodegradable-Drawstring-Anti-drip-Warehouse/dp/B0BTHC4F2T,"Zureni OXO-Biodegradable Garbage Dustbin Bags (Large, 60 x 81 cm) Drawstring Anti-drip Trash Waste Basket Bag for Kitchen Office Warehouse Pantry (Black, Green, Blue, 3 x 15 Pcs/Roll)",₹149₹149,4.3 out of 5 stars,609
/s/?k=bags+for+girls&ref=sugsr_0&pd_rd_w=AJXwB&content-id=amzn1.sym.1c7db1d2-1fe9-496b-8f07-8ed64c022066:amzn1.sym.1c7db1d2-1fe9-496b-8f07-8ed64c022066&pf_rd_p=1c7db1d2-1fe9-496b-8f07-8ed64c022066&pf_rd_r=08G75P7MRN43PCSCPE91&pd_rd_wg=WAbkE&pd_rd_r=283b41e8-696e-4bb3-ab3d-bed6abfdff0d&qid=1697641420,N/A,N/A,N/A,"
                                                    bags for girls
                                                "
N/A,N/A,N/A,N/A,N/A
/gp/help/customer/display.html?nodeId=201889520,N/A,N/A,N/A, or 
N/A,Price and other details may vary based on product size and colour.,N/A,N/A,Price and other details may vary based on product size and colour.
/Zureni-OXO-Biodegradable-Drawstring-Anti-drip-Warehouse/dp/B0BTHC4F2T,"Zureni OXO-Biodegradable Garbage Dustbin Bags (Large, 60 x 81 cm) Drawstring Anti-drip Trash Waste Basket Bag for Kitchen Office Warehouse Pantry (Black, Green, Blue, 3 x 15 Pcs/Roll)",₹149₹149,4.3 out of 5 stars,609
/JD-Expandable-Waterproof-Sakura-Pink/dp/B0BRNP6M1D,"JD Fresh Nylon 41 Liter Expandable Travel Bags for Women, Duffle Bags for Women Luggage, Foldable Vanity Traveling Bag, Waterproof Hand Bag for Ladies Personal Items (Sakura Pink,41 x 22 x 26 CM cm)",₹731₹731,3.9 out of 5 stars,428
/Martucci-Waterproof-Backpack-College-Business/dp/B0BRJRVH6D,Martucci Jersey 45L Casual Waterproof Laptop Backpack/Office Bag/School Bag/College Bag/Business Bag/Unisex Travel Backpack,₹765₹765,3.8 out of 5 stars,273
N/A,N/A,N/A,N/A,N/A
/HARISSONS-15-6-inch-Backpack-Organizers-Detachable/dp/B07MMZPB41,"HARISSONS Bags Vervo 15.6-inch Laptop/Travel/Casual Backpack for Men and Women with Rain Cover (Navy Blue, 40 Ltrs) | Quick Access Zippered Pocket, Detailed Organizers & a Detachable Key Chain Holder","₹2,560₹2,560",4.4 out of 5 stars,"2,025"
/gp/bestsellers/luggage/2917438031/ref=sr_bs_4_2917438031_1,"HAMMONDS FLYCATCHER Laptop Bag for Men - Genuine Leather Office Bag, Brown Color - Fits 14/15.6/16 Inch Laptop/MacBook - Expandable, Water Resistant - Shoulder Bag with Trolley Strap - 1 Year Warranty","₹3,686₹3,686",4.4 out of 5 stars,"2,784"
/Impulse-Diggy-Backpack-Resistant-Teal/dp/B0CJHHX1QC,Impulse Diggy 35L Laptop Backpack/Office Bag/School Bag/College Bag/Business Bag/Travel Backpack Water Resistant Fits Up to 16 Inch Laptop with 1 Year Warranty,₹399₹399,4.0 out of 5 stars,22
/Gear-DOUBLE-DECKER-Resistant-Backpack/dp/B0BTJ3WTMV,Gear Double Decker 31L Large Water Resistant Faux Leather Anti-Theft Laptop Bag/Backpack/Office Bag for Men/Women (Black),"₹1,095₹1,095",3.9 out of 5 stars,46
/Lifelong-LLGB02-Adjustable-Shoulder-Accessories/dp/B0BW3QZBQH,"Lifelong LLGB02 Gym Bag|Unisex Gym Bags|Adjustable Shoulder Bag for Men|Duffle Gym Bags for Men|Carry Gym Accessories|Fitness Bag|Sports &Travel Bag|Gym kit Bag (Black, 6 Months Warranty)",₹379₹379,3.4 out of 5 stars,73
/FATMUG-Foldable-Luggage-Packing-Storage/dp/B07YFPF4QT,"FATMUG Foldable Duffel Luggage Bag for Travel, Packing and Storage - Men and Women - 45 L, Black",₹999₹999,4.3 out of 5 stars,"1,782"
N/A,N/A,N/A,N/A,N/A
/ADISA-laptop-backpack-office-college/dp/B0BVRJYD9Q,ADISA 32L large laptop backpack office bag college travel back pack with rain cover,₹563₹563,3.8 out of 5 stars,70
/HP-15-6-inch-Backpack-Pass-Through-793A7AA/dp/B0BYDWD4VL,HP 330 15.6-inch Laptop Backpack/Trolley Pass-Through; Padded Back Panel; Padded air mesh Panel/Hand wash and air Dry/1 Year Limited Warranty (793A7AA),₹799₹799,4.3 out of 5 stars,8
/Dyazo-Resistant-Compatible-laptops-Notebooks/dp/B09BFV96TS,"Dyazo Water Resistant Laptop Sleeve with Handle Compatible for 15 Inch to 15.6"" Inches laptops & Notebooks - Grey",₹284₹284,4.3 out of 5 stars,"5,215"
/Red-Lemon-Unisex-adult-Waterproof-Charging/dp/B09VGNTDRZ,Red Lemon Medium Size Unisex Adult Bange Series Rhombus Shell Design Waterproof Sling Bag With Usb Charging,"₹1,847₹1,847",4.2 out of 5 stars,105
/Gear-Resistant-Anti-Theft-Backpack-RainCover/dp/B0CHYMQN9Y,Gear Elevate Faux Leather 20L Water Resistant Anti-Theft Laptop Bag/Backpack/Office Bag with RainCover for Men/Women (Pink),"₹1,899₹1,899",N/A,M.R.P: 
/Martucci-Waterproof-Backpack-College-Business/dp/B0B1HM2ZGX,Martucci 16 inch 36L Casual Waterproof Backpack/Office Bag/School Bag/College Bag/Business Bag/Unisex Travel Backpack,₹545₹545,4.0 out of 5 stars,281
/Tommy-Hilfiger-Matias-Polyester-Backpack/dp/B0BDSGZZQQ,Tommy Hilfiger Matias Polyester 32L Laptop Backpack For Unisex - Black,"₹2,399₹2,399",4.2 out of 5 stars,17
/s/?k=bags+for+girls&ref=sugsr_0&pd_rd_w=au7Da&content-id=amzn1.sym.1c7db1d2-1fe9-496b-8f07-8ed64c022066:amzn1.sym.1c7db1d2-1fe9-496b-8f07-8ed64c022066&pf_rd_p=1c7db1d2-1fe9-496b-8f07-8ed64c022066&pf_rd_r=F2PZYRQAWMNFT9EE66TG&pd_rd_wg=YNZvI&pd_rd_r=cd4145a9-ef0b-4777-9a85-a7e7e7ef6240&qid=1697641421,N/A,N/A,N/A,"
                                                    bags for girls
                                                "
N/A,N/A,N/A,N/A,N/A
/gp/help/customer/display.html?nodeId=201889520,N/A,N/A,N/A, or 
